Date,Day,Temp_max,Temp_avg,Temp_min,Dew_max,Dew_avg,Dew_min,Hum_max,Hum_avg,Hum_min,Wind_max,Wind_avg,Wind_min,Press_max,Press_avg,Press_min,Precipit,day_of_week
12/13/2017,13,58,46.9,33,39,33.6,29,96,64.1,34,9,2.7,0,30.1,30,29.8,0,2
12/19/2016,19,49,39,30,20,16.5,14,59,42.4,25,17,11,3,30.5,30.5,30.4,0,0
7/1/2017,7,43,29.9,21,19,15.2,12,75,57.1,30,18,10.6,0,30.6,30.5,30.4,0.27,5
8/1/2017,8,49,37.3,25,35,23.7,10,79,60.8,27,13,5.8,0,30.6,30.5,30.4,0,1
1/1/2018,1,41,34.6,30,29,16.2,11,72,48.6,29,21,14.8,7,30.6,30.5,30.4,0,0
1/16/2018,16,54,30.3,25,51,26.2,14,97,84.7,63,28,17.7,10,30.6,30.5,30.2,0.17,1
12/18/2016,18,43,38.1,33,35,22,18,74,52.9,40,26,20,14,30.4,30.2,30,0,6
7/12/2017,7,46,42.2,34,43,38.1,32,93,85.2,73,20,11.2,6,30.2,30.2,30.1,0.36,2
4/1/2018,4,54,40.4,26,28,23.4,19,88,55,25,8,3.1,0,30.3,30.2,30.2,0,6
6/1/2018,6,65,49,34,48,40.5,33,97,75,48,13,7,0,30.3,30.2,30.1,0,4
1/15/2018,15,66,51,34,49,42.8,33,100,75.9,48,16,7.6,0,30.3,30.2,30.1,0,0
11/15/2018,15,60,45.4,31,40,32.8,26,96,66.4,32,6,2.2,0,30.3,30.2,30.1,0,3
1/20/2019,20,54,40.9,32,36,28.8,25,93,64.1,38,15,6.8,0,30.3,30.2,30.1,0,6
11/13/2019,13,45,39.3,31,35,26.3,21,85,61.3,42,8,4.2,0,30.3,30.2,30.1,0,2
2/1/2018,2,34,31.2,28,21,13.9,10,74,49.6,42,14,9.9,5,30.5,30.4,30.3,0,3
1/13/2018,13,53,40,31,28,23.2,21,82,53.2,31,12,6.5,0,30.5,30.4,30.3,0,5
1/14/2018,14,54,40.1,28,36,28,23,97,65.5,35,12,6.2,0,30.5,30.4,30.3,0,6
1/18/2018,18,38,31.7,22,23,17.8,13,82,58.5,40,7,4.7,0,30.5,30.4,30.3,0,3
8/17/2017,17,97,88.4,83,78,73.8,68,85,64,41,10,7.3,3,29.9,29.9,29.8,0,3
8/17/2020,17,95,78.6,0,75,68.3,0,93,70,0,32,8.2,0,30,29.9,29.9,1.63,0
6/1/2017,6,44,35.1,26,38,28.7,18,89,77.8,66,23,15.8,9,30.4,30.1,29.9,0,3
8/12/2017,8,43,34.6,30,32,29.1,23,96,82.5,45,14,6.5,0,30.2,30.1,30,0.51,5
9/12/2017,9,61,43.7,31,40,34.3,30,96,74.9,34,13,3,0,30.3,30.1,30.1,0,1
12/1/2018,12,48,39.4,32,24,21.4,18,57,49.2,36,22,14.5,6,30.3,30.1,30,0.96,5
1/24/2019,24,59,44.1,31,36,31,27,100,65,29,10,3.7,0,30.2,30.1,30,0.23,3
1/17/2018,17,38,27.6,19,18,13.2,10,75,56.2,37,17,8.7,3,30.6,30.6,30.5,0.18,2
3/1/2018,3,47,33.9,25,24,15.8,10,75,50.3,27,13,6,0,30.4,30.3,30.2,0,3
1/25/2018,25,61,47.3,33,42,34.1,27,96,65.3,27,16,5.9,0,30.4,30.3,30.2,0,3
11/13/2018,13,42,38.8,34,37,31.3,29,83,74.6,67,21,14.8,5,30.4,30.3,30.2,0.06,1
11/14/2018,14,53,40.5,31,30,26,19,89,60.8,26,14,7.7,0,30.4,30.3,30.2,0,2
5/3/2019,5,50,39.3,30,27,20.7,15,69,49.3,31,17,9.4,3,30.4,30.3,30.3,0,4
6/3/2019,6,57,46.6,33,43,31.3,24,74,57.3,33,17,8.9,0,30.4,30.3,30.1,0,0
12/11/2019,12,47,39,34,33,24.7,20,83,58.5,37,26,16.4,7,30.4,30.3,30.2,0.01,2
12/18/2019,18,59,44,32,30,26.1,19,82,55,21,10,2.6,0,30.4,30.3,30.3,0,2
12/19/2019,19,59,45.5,32,36,31.3,23,88,61.6,27,10,4.5,0,30.3,30.3,30.2,0,3
2/27/2020,27,60,46.6,33,32,27.3,22,85,51.3,24,8,3.3,0,30.3,30.3,30.2,0,3
6/22/2019,22,93,86.5,83,83,79.8,78,91,80.7,63,20,12.1,7,29.9,29.8,29.8,0,5
7/2/2020,7,72,55,34,49,35.8,26,83,52.8,27,13,6.1,0,30,29.8,29.8,0,3
11/12/2018,11,63,48.7,35,48,40.7,35,100,77.9,38,13,5.1,0,30.3,30.2,30.1,0,0
1/25/2019,25,61,48,35,41,36.3,31,96,68.2,32,15,5.8,0,30.3,30.2,30.1,0,4
8/1/2020,8,67,53.1,35,57,43.5,31,90,72.1,46,20,9.7,0,30.3,30.2,30,0,5
11/27/2018,27,62,48,35,41,34.7,29,96,64.6,29,7,3,0,30.2,30.1,30,0,1
1/21/2019,21,62,50.4,35,53,43.8,33,96,79.5,58,20,9.3,0,30.2,30.1,29.9,0,0
12/1/2020,12,56,43.5,35,46,38.7,32,93,83.8,67,12,6.3,0,30.1,30.1,30.1,0,1
12/20/2016,20,58,44.9,35,35,24.2,19,68,46.8,22,9,3.8,0,30.4,30.3,30.2,0,1
10/12/2017,10,64,49.3,35,40,34.6,30,97,62.1,29,7,2.9,0,30.3,30.3,30.2,0,3
12/25/2017,25,54,46,36,40,35.9,31,93,69.7,48,13,8.9,3,30.3,30.2,30.1,0,0
12/2/2018,12,46,41.1,36,41,36.5,31,93,83.8,73,14,10.3,8,30.3,30.2,30.1,0,6
4/3/2019,4,42,37.4,36,36,29.1,23,86,72.7,59,20,14,12,30.3,30.2,30.1,0,2
10/29/2017,29,70,54,36,38,30.4,19,89,48,17,7,3.4,0,30,29.9,29.9,0,6
1/23/2019,23,67,43.8,36,66,37.7,29,97,80.6,51,28,14.5,0,30,29.9,29.8,0.72,2
1/19/2018,19,56,48.2,36,52,42.2,23,100,80.7,57,16,9.2,0,30.3,30.1,30,0,4
10/12/2016,10,56,47,36,41,32.5,28,79,58.3,41,14,8.2,3,30.4,30.3,30.1,0,2
1/21/2020,21,60,48.8,36,37,32.8,29,82,56.9,31,12,6.4,0,30.4,30.3,30.2,0,1
1/31/2018,31,71,56,37,56,46.3,34,100,72.9,45,14,7.5,0,30.2,30,29.9,0,2
11/20/2016,20,65,51.2,37,44,33.7,25,82,55.7,23,10,4.8,0,30.3,30.2,30.1,0,6
1/11/2019,1,59,48,37,46,36.5,32,89,67.3,39,10,4.3,0,30.3,30.2,30.1,0,4
6/2/2020,6,52,42.1,37,36,28.3,20,86,62,29,23,11.5,0,29.8,29.7,29.6,0.09,1
8/2/2019,8,43,39.7,37,33,27.7,25,73,62.5,51,21,15.9,13,30.4,30.4,30.3,0.02,4
4/1/2019,4,61,47.7,37,46,41.5,36,100,80.8,56,12,5.6,0,30,29.9,29.9,0.16,0
1/29/2019,29,52,44.2,37,46,25.1,18,93,49.8,26,21,13.5,0,30.2,30.1,30,0.15,1
5/1/2018,5,56,45.9,37,36,32.4,27,89,60.6,40,9,5.3,0,30.3,30.3,30.2,0,1
1/14/2019,14,56,45.6,37,39,37.2,34,89,73.8,51,12,6.1,0,30.4,30.3,30.2,0,0
2/14/2020,14,61,47.5,37,37,35.1,33,89,65.5,35,13,6.1,0,30.3,30.3,30.2,0,4
2/22/2020,22,63,50,37,41,35.5,31,83,60.1,34,16,5.1,0,30.4,30.3,30.1,0,5
1/12/2016,1,65,53,38,42,35,27,83,55.1,25,13,5.6,0,30.1,30,29.9,0,1
11/2/2018,11,47,40.9,38,47,36.2,30,100,83.7,70,18,14.3,8,30.1,30,29.8,0.69,4
5/1/2019,5,72,53.7,38,52,44.5,38,100,77.1,31,8,3.5,0,30.1,30,30,0,2
8/2/2018,8,57,48.7,38,49,41.5,35,93,76.9,59,16,6,0,30.3,30.2,30.1,0.19,3
9/12/2016,9,50,43.4,38,30,25.7,22,63,50.9,33,18,9.6,3,30.5,30.4,30.4,0,0
1/19/2019,19,71,54.1,38,67,45,28,100,72.5,50,29,17.5,6,30.2,29.9,29.6,0.5,5
12/24/2017,24,68,49.8,38,45,40.3,37,100,73.3,37,22,8,0,30.3,30.1,30,0,6
11/16/2018,16,69,53.3,38,46,42.2,38,100,71.1,33,9,3.3,0,30.1,30.1,30,0,4
2/13/2019,13,65,52.4,38,48,40.1,35,97,66.1,37,17,5.8,0,30.2,30.1,30,0,2
2/4/2019,2,71,54.7,38,47,40.6,36,97,65.4,30,14,4.1,0,30.2,30.1,30,0,0
11/16/2019,16,63,48.4,38,43,37.8,35,89,70.3,35,7,2.3,0,30.2,30.1,30,0,5
12/31/2019,31,60,48.8,38,39,31.3,22,77,55.3,23,13,2.7,0,30.2,30.1,30,0,1
12/28/2017,28,44,41.2,38,38,36.5,34,93,83.6,73,12,8.2,6,30.3,30.3,30.2,0.02,3
9/2/2019,9,45,41.6,38,36,32.1,29,76,69.2,60,14,10,5,30.4,30.3,30.2,0,0
11/23/2017,23,66,51.5,39,41,36.9,34,89,60.9,30,8,2.7,0,30.1,30,30,0,3
12/16/2017,16,59,51.1,39,53,41.5,33,100,72.9,39,28,9.4,0,30.1,30,29.8,0,5
12/30/2019,30,61,50.3,39,37,31,26,89,51.8,26,10,5.7,0,30.1,30,29.9,0.71,0
1/27/2017,27,56,48.1,39,31,25.8,18,67,44.4,23,12,6,0,30.3,30.2,30.1,0,4
12/31/2017,31,51,47,39,49,42,29,100,83.8,63,21,13.6,6,30.4,30.2,30,0.01,6
12/17/2019,17,54,45,39,34,30.3,27,73,57.6,40,23,14.7,5,30.3,30.2,30,0.06,1
2/28/2020,28,73,54.7,39,39,34.3,28,79,50.8,19,13,4.9,0,30.3,30.2,30.2,0,4
2/21/2020,21,57,47.3,39,35,32.4,29,82,58.6,36,16,10.1,0,30.6,30.4,30.4,0.5,4
11/24/2017,24,72,56.4,39,47,41.5,34,93,63.5,26,9,4,0,29.9,29.9,29.8,0,4
11/11/2019,11,76,59.4,39,66,53.3,34,93,80.7,67,30,12.1,0,30.2,29.9,29.9,0,0
3/12/2019,3,71,53.6,39,49,40.8,36,89,67.5,29,8,2.8,0,30,29.9,29.8,0,1
11/1/2020,11,63,54.1,39,60,46.1,34,90,75,51,26,11.9,0,30.1,29.9,29.6,1.11,6
1/23/2018,23,65,50.9,39,35,28.2,19,86,47.3,18,14,5.6,0,30.2,30.1,30,0,1
1/30/2019,30,50,45.3,39,39,28.4,18,79,54.3,31,14,7.2,0,30.2,30.1,30.1,0,2
1/4/2019,1,56,48.2,39,41,38.6,36,93,71.2,51,10,4.6,0,30.2,30.1,30.1,0,4
12/12/2019,12,62,50.8,39,50,41.9,35,86,72.7,52,10,3.3,0,30.3,30.1,29.9,0,3
1/24/2018,24,66,49.7,39,33,27.5,23,73,46.4,20,14,3.9,0,30.4,30.3,30.2,0,2
1/30/2018,30,61,48.8,39,37,31.2,27,73,53.2,28,12,6.5,3,30.4,30.3,30.2,0,1
5/12/2018,5,59,47.8,39,41,35.3,30,89,65.5,33,9,4.7,0,30.4,30.3,30.2,0,5
10/12/2018,10,59,46.5,39,40,36.5,31,97,72.2,36,8,4.3,0,30.3,30.3,30.2,0,4
1/1/2019,1,65,50.7,40,50,45.5,40,100,84.8,52,16,5,0,30.1,30,29.9,0.03,1
12/16/2018,16,66,52.7,40,50,44.7,36,96,75.7,54,6,1.6,0,30.2,30.2,30.1,0,6
10/1/2019,10,61,50.8,40,41,35.5,30,89,59.5,33,9,3.9,0,30.3,30.2,30.1,0,1
10/31/2019,31,57,46.8,40,42,32,27,86,58.6,33,22,13.8,0,30.3,30.2,30,0.24,3
11/15/2019,15,63,47.3,40,42,38.9,36,93,76,38,10,5.1,0,30.3,30.2,30.2,0.16,4
5/1/2020,5,74,58.3,40,49,41.5,36,93,59,27,14,5.7,0,30.3,30.2,30.1,0,4
1/20/2020,20,62,49.5,40,31,28.1,25,65,46.2,25,16,7.9,0,30.5,30.4,30.4,0,0
3/1/2019,3,56,48.8,40,56,47.6,37,100,95.7,82,17,8.2,3,29.9,29.9,29.8,1.47,4
11/17/2019,17,68,54.5,40,52,44.1,37,93,71,38,7,1.6,0,30,29.9,29.9,0,6
8/12/2016,8,56,47.6,40,54,40.2,29,93,76.4,59,26,18.6,10,30.5,30.3,30.1,0.28,4
4/12/2018,4,61,49.8,41,39,37.5,36,86,64.5,41,12,7.8,3,30.3,30.2,30.1,0,3
1/13/2019,13,59,48.3,41,40,37.8,37,86,68.2,49,14,8,5,30.3,30.2,30.1,0,6
4/1/2020,4,69,54,41,41,37.2,33,82,56.4,26,9,5.3,0,30.3,30.2,30.1,0,2
11/1/2018,11,69,59.3,41,65,55.4,26,100,87.5,55,25,11.1,0,29.9,29.7,29.6,0.01,3
1/29/2017,29,68,53.6,41,37,31,28,70,45.4,24,17,8.2,0,30.2,30.1,30.1,0,6
12/12/2017,12,64,53.8,41,42,32.3,27,77,46.3,25,18,8.1,0,30.2,30.1,30.1,0,1
12/23/2017,23,54,46.9,41,41,37.2,33,93,70.5,51,15,8.1,0,30.2,30.1,30,0.07,5
1/26/2019,26,65,52.7,41,54,47.9,40,100,85.6,52,12,5.3,0,30.1,30.1,30,0,5
9/11/2019,9,67,51.7,41,46,38.9,31,86,65.6,29,6,2.4,0,30.2,30.1,30.1,0.01,2
1/2/2020,1,69,53.2,41,41,37,30,93,59.9,23,10,5.2,0,30.2,30.1,30.1,0,3
5/2/2020,5,58,48.1,41,54,43,36,90,82.8,76,21,13.4,8,29.7,29.6,29.6,0,5
12/27/2017,27,47,42.3,41,45,40,36,97,91.5,79,20,12.5,7,30.3,30.3,30.2,0.2,2
4/1/2017,4,52,46.5,42,42,38.7,35,93,74.7,63,17,8.1,0,30.1,30,29.9,0,5
2/16/2017,16,67,54.7,42,43,36,29,89,54.4,24,8,2.7,0,30.1,30,29.9,0,3
12/23/2019,23,71,53.3,42,42,39.8,37,86,64.5,29,7,3.8,0,30.1,30,29.9,0,0
1/24/2020,24,67,51.7,42,45,38.8,29,93,66.9,25,8,2.9,0,30.1,30,30,0,4
1/25/2020,25,65,55.2,42,55,45.3,39,93,71.7,42,17,8.8,0,30.1,30,29.9,0,5
6/12/2017,6,53,44.9,42,43,40.7,38,93,85.6,64,15,11.5,6,30.3,30.2,30.1,0.09,0
12/29/2017,29,54,48.9,42,44,37.6,33,74,65.5,54,9,6.9,3,30.3,30.2,30.1,0,4
11/21/2018,21,61,51.3,42,53,45.6,41,100,82.8,50,9,4.4,0,30.3,30.2,30.1,0,2
2/26/2020,26,57,49.8,42,32,28,24,54,43.5,30,22,15,6,30.3,30.2,30,0,2
11/28/2018,28,69,58.8,42,61,52.3,41,100,80.6,63,14,5.4,0,30,29.9,29.8,0,2
12/22/2018,22,76,62.4,42,63,52.7,37,93,72.3,45,16,8.4,3,29.9,29.9,29.8,0,5
11/24/2019,24,69,54.9,42,47,42.3,38,89,66.3,33,10,2.6,0,30,29.9,29.8,0,6
12/24/2019,24,73,57,42,52,46.7,40,93,70.9,42,7,2.6,0,30,29.9,29.9,0,1
1/30/2017,30,77,60.3,42,46,34.3,28,82,43.6,17,12,6.1,0,30.1,30.1,30,0,0
11/12/2017,11,75,57.3,42,43,35.5,25,82,50.2,16,10,5.3,3,30.2,30.1,30,0,6
12/15/2017,15,56,49.9,42,39,35.5,33,89,59,42,15,7.8,0,30.2,30.1,30,0,4
11/26/2018,26,58,48.3,42,34,32.1,29,70,55,33,18,10.2,0,30.2,30.1,30.1,0,0
2/12/2019,2,64,51.2,42,38,33,29,80,53.3,27,15,6.5,0,30.2,30.1,30.1,0,1
2/13/2020,13,59,49,42,47,39.8,37,93,71.8,48,21,10.3,0,30.2,30.1,29.9,0.01,3
2/15/2020,15,66,55.9,42,56,48.1,36,86,75.2,60,17,8.6,0,30.2,30.1,30,0,5
7/3/2020,7,61,53.7,42,46,39.2,32,83,59.7,34,17,8.2,0,30.4,30.3,30.2,0,4
11/21/2016,21,75,59.3,43,58,50.9,42,100,76.7,44,17,6.5,0,30.1,30,29.9,0,0
10/28/2017,28,62,51.8,43,32,29,25,65,43.7,25,17,11.1,0,30.1,30,30,0,5
11/20/2017,20,67,54.3,43,49,42.9,35,89,67.9,38,14,6.4,0,30.1,30,29.9,0,0
6/1/2019,6,72,58.9,43,60,54.6,43,100,87.3,61,14,5.6,0,30.1,30,29.9,0,5
11/1/2019,11,66,55.3,43,58,48.5,41,100,79.7,54,21,8.9,0,30.1,30,29.8,0,4
9/1/2017,9,65,57.3,43,56,49.8,36,86,76.3,65,18,11,6,30.4,30.2,30.1,0,4
9/12/2018,9,48,45.2,43,42,41.4,40,93,86.5,80,16,9.6,3,30.2,30.2,30.1,0.09,2
1/15/2019,15,54,48.1,43,45,40.8,38,86,76.2,61,10,4.6,0,30.3,30.2,30.2,0,1
12/14/2017,14,64,53.7,43,47,42.9,38,93,68.8,38,14,3.5,0,30,29.9,29.8,0,3
1/22/2018,22,69,61,43,68,41.6,25,96,54.3,22,20,9.6,0,30,29.9,29.8,0.6,0
12/11/2018,12,54,50.9,43,54,49.4,38,100,94.8,82,24,13.3,7,30.2,29.9,29.8,0.13,1
3/3/2019,3,64,54.6,43,64,52.4,37,100,92.6,79,23,12,0,30.1,29.9,29.8,0.08,6
1/22/2020,22,59,52.1,43,57,47.7,34,93,85.7,58,20,13.4,8,30.2,29.9,29.8,0,2
1/26/2017,26,59,50,43,35,30,26,74,47.8,28,17,8.4,0,30.2,30.1,30,0,3
3/14/2017,14,69,55.3,43,47,38.4,34,86,55.8,30,9,5.4,0,30.2,30.1,30.1,0,1
7/2/2018,7,56,45.2,43,55,43.5,40,100,93.9,89,18,13.5,8,30.3,30.1,29.9,0.18,0
3/11/2019,3,68,54.2,43,48,42,37,90,67.6,34,12,4.5,0,30.2,30.1,30,0,0
11/14/2019,14,47,45.4,43,44,39.9,35,90,81.5,66,13,9,6,30.2,30.1,30.1,0,3
12/22/2019,22,62,51.2,43,42,39.8,39,86,67.1,43,14,7.2,3,30.2,30.1,30,0,6
11/12/2019,11,60,49,43,40,36.6,33,82,64.3,36,15,10.3,3,30.4,30.3,30.3,0.22,1
7/1/2020,7,67,55.2,43,43,30.8,21,71,43.6,17,14,6,0,30.3,30.3,30.1,0,2
9/1/2018,9,54,49.9,44,51,47.1,43,97,90.2,83,13,6.7,0,30.1,30,29.9,0,5
10/2/2019,10,69,58.9,44,64,54.3,37,100,85.1,72,15,9.8,6,30.2,30,29.9,0,2
10/11/2019,10,75,59.8,44,57,49.9,42,93,72.6,43,14,4.9,0,30.1,30,29.9,0,4
1/31/2020,31,58,51.9,44,47,44.8,41,90,77.6,58,14,5.8,0,30.1,30,30,0,4
12/15/2016,15,58,50.6,44,45,37.7,35,74,62.2,44,15,9.8,3,30.3,30.2,30.1,0,3
11/20/2018,20,62,51.7,44,46,43.1,41,93,74.6,48,17,8,0,30.2,30.2,30.1,0.01,1
12/20/2019,20,54,49.7,44,45,39.3,34,80,68,54,10,7.6,5,30.2,30.2,30.1,0,4
10/30/2017,30,79,62.1,44,60,50.5,36,97,68.7,42,13,4.8,0,29.9,29.9,29.8,0,0
8/12/2018,8,55,48.3,44,55,46.9,42,100,95.2,86,15,12.1,8,30.1,29.9,29.8,4.61,6
7/2/2019,7,75,63.9,44,70,57.3,32,93,79.9,57,23,14.1,8,30.3,29.9,29.8,0,1
3/13/2018,13,71,57,44,44,39.1,32,89,56.3,27,10,3.4,0,30.2,30.1,30.1,0,1
3/14/2018,14,71,58,44,48,40,35,82,54.9,28,12,4.4,0,30.2,30.1,30.1,0,2
6/12/2018,6,62,56,44,61,53.5,42,100,91.2,83,12,7.1,0,30.2,30.1,30.1,0,1
3/31/2019,31,55,50.8,44,41,38.7,36,86,63.6,57,28,14.6,0,30.2,30.1,30.1,0,6
2/29/2020,29,74,60,44,55,44,38,86,59.5,29,21,7.8,0,30.2,30.1,30,0,5
1/29/2018,29,67,54.3,44,41,33.1,29,73,48.1,25,18,10,3,30.4,30.3,30.2,0,0
2/13/2018,13,52,47.4,44,51,45.6,40,100,93.5,85,10,6.2,0,30.3,30.3,30.2,0,1
1/19/2020,19,62,51.5,44,40,26.8,18,61,41,19,22,13.5,6,30.4,30.3,30.2,0.01,6
5/1/2017,5,56,50.4,44,51,45.8,38,90,84.1,77,20,7,0,29.9,29.8,29.8,0,0
12/16/2019,16,79,62.9,44,70,56,34,90,78.6,66,23,13.2,6,30,29.8,29.7,0,0
3/2/2018,3,55,50.5,45,55,44.4,28,100,81.8,46,13,7.6,3,30.2,30,29.8,0,4
11/17/2018,17,72,59.2,45,56,52.7,45,100,81.5,51,14,6,0,30.1,30,30,0,5
2/20/2020,20,51,48.5,45,49,43.2,35,93,82.5,63,23,15.6,8,30.4,30.2,30,0.09,3
12/14/2019,14,74,59.6,45,60,49.2,42,93,72.5,35,14,5.4,0,29.8,29.7,29.7,0,5
3/3/2017,3,70,58.4,45,46,33.1,25,72,42,19,21,9.5,3,30.4,30.4,30.3,0,4
11/30/2016,30,69,60,45,55,36.8,29,68,44.5,23,17,8.9,0,30,29.9,29.6,0,2
2/26/2017,26,73,62.6,45,65,53.4,34,90,72.7,56,21,12.2,3,29.9,29.9,29.8,0,6
9/3/2018,9,72,61.4,45,60,51,42,93,70.7,46,20,8.5,0,30,29.9,29.8,0,0
12/21/2018,21,64,52.6,45,39,32.7,28,68,48.6,27,13,7.8,0,30,29.9,29.8,0,4
12/28/2018,28,61,53.7,45,46,41.9,40,83,65.7,46,14,9.2,6,30,29.9,29.8,0.4,4
12/30/2018,30,49,47.1,45,49,45.4,41,100,94.3,80,12,6.9,0,30,29.9,29.7,0,6
2/28/2019,28,67,51.7,45,67,51.2,44,100,98.4,93,16,9.2,0,30,29.9,29.9,0.03,3
1/3/2019,1,61,53.1,45,58,50.9,45,100,92.4,80,9,4.8,0,30,29.9,29.9,0.14,3
12/21/2016,21,72,61.7,45,59,45.9,27,76,57,39,12,5.8,0,30.2,30.1,30,0,2
1/26/2018,26,70,58,45,59,53.3,42,100,85,68,18,9,3,30.2,30.1,30.1,0,4
4/16/2018,16,80,63.8,45,52,43.1,37,90,52.8,24,14,6.1,0,30.2,30.1,30,0,0
11/19/2016,19,64,53.8,45,36,31.6,28,61,45,26,20,11.8,0,30.4,30.3,30.3,0.04,5
9/1/2019,9,64,56.3,45,58,39.9,33,90,57.3,34,17,9.3,0,30.4,30.3,30.2,0,6
12/22/2017,22,81,69.1,45,71,64,42,100,84.8,64,21,12.7,6,30,29.8,29.8,0,4
12/14/2018,14,51,47.7,45,45,43.1,40,97,84.6,71,18,12.7,6,29.9,29.8,29.7,0.01,4
12/31/2018,31,58,49.9,45,51,48.2,45,100,94.3,70,16,5.1,0,29.9,29.8,29.7,0.32,0
2/12/2016,2,65,55.6,46,52,45.8,41,90,71.2,42,18,11.4,0,30,30,29.9,0,4
11/28/2017,28,76,62.7,46,64,58.1,46,100,86.6,60,15,6.1,0,30,30,29.9,0,1
3/21/2018,21,76,61.8,46,48,39.9,28,83,50,19,10,4.3,0,30.1,30,30,0,2
11/11/2018,11,57,52,46,54,49.2,44,100,90.5,77,13,9.1,3,30.1,30,29.9,0,6
1/31/2019,31,58,53.1,46,56,50,39,100,89.5,74,13,8.9,5,30.1,30,30,0,3
2/18/2019,18,65,53.8,46,40,36.3,34,74,53.4,33,20,14.5,9,30.1,30,29.9,0.06,0
10/12/2019,10,70,53.4,46,67,47.8,41,93,81.7,62,22,14.8,3,30.3,30,29.8,0.01,5
6/1/2020,6,75,61.4,46,55,50,44,93,68.8,44,12,4.8,0,30.1,30,29.9,0,0
1/28/2017,28,60,52,46,33,27.6,24,54,40.1,26,16,9.1,5,30.3,30.2,30.1,0,5
8/11/2019,8,54,51.9,46,50,46.3,40,88,82.1,74,16,10.9,5,30.2,30.2,30.1,0,6
12/21/2019,21,56,51.7,46,41,39.9,38,79,64.5,53,9,5.6,0,30.2,30.2,30.1,0.02,5
12/17/2016,17,81,73.9,46,71,67.4,41,91,80.6,65,25,11.5,3,29.9,29.7,29.6,0.11,5
7/1/2018,7,68,58.8,46,63,56.2,43,100,91.5,73,15,8.3,0,30.1,29.9,29.8,0,6
12/25/2019,25,73,58.1,46,57,52,45,97,82,51,10,3.8,0,29.9,29.9,29.8,0,2
10/25/2017,25,76,60.6,46,46,38.1,31,77,48.5,20,13,4.5,0,30.2,30.1,29.9,0,2
11/19/2018,19,51,49.1,46,50,47.9,45,100,95.7,89,14,9.2,5,30.1,30.1,30,0.3,0
12/24/2018,24,64,56.8,46,60,50.4,40,100,79.9,56,13,7.6,0,30.2,30.1,30,0,0
3/18/2019,18,70,57.1,46,43,39.7,35,83,57,29,15,5.9,0,30.2,30.1,30.1,0,0
12/16/2016,16,74,62.2,46,71,57.5,39,93,84.6,74,10,7.6,0,30.1,29.8,29.7,0,4
8/4/2018,8,57,50.5,46,53,45.6,41,89,83.3,77,15,7.6,0,29.9,29.8,29.7,0,5
2/19/2019,19,50,47.9,46,49,44.8,35,100,90.6,57,22,10.9,6,30,29.8,29.7,0,1
2/20/2019,20,65,52,46,47,44.7,43,100,78.8,45,12,8.5,5,29.9,29.8,29.8,0.27,2
2/25/2017,25,69,56.8,47,38,33.4,29,61,43.8,22,18,8.6,3,30.1,30,29.9,0,5
11/27/2017,27,74,59,47,53,45.4,40,93,64.2,33,10,4.7,0,30.1,30,29.9,0,0
1/12/2017,1,75,59.7,47,53,49.8,45,97,72.6,41,6,2.2,0,30.1,30,30,0,3
4/15/2018,15,69,57,47,42,34.6,30,71,46.3,23,20,9.9,0,30.1,30,29.9,0.17,6
12/15/2018,15,65,53.6,47,46,39.6,35,89,61.6,37,15,8.3,3,30.1,30,30,0,5
12/18/2018,18,61,54.5,47,57,53,47,100,95.2,83,10,4.5,0,30.1,30,29.9,0,1
12/29/2018,29,52,49.6,47,43,41.7,39,80,74.4,66,15,11.7,8,30.1,30,30,0,5
1/27/2019,27,66,54.4,47,52,46.6,39,100,78.1,40,12,5.1,0,30.1,30,29.9,0.03,6
3/4/2019,3,70,60.6,47,63,54.7,46,97,81.7,65,23,10.3,0,30.1,30,29.9,0,0
4/15/2020,15,71,58.6,47,45,41.9,40,83,56.5,35,16,7.3,0,30.1,30,29.9,0,2
3/15/2017,15,67,56.3,47,50,48,45,93,74.9,54,17,8.2,0,30.3,30.2,30.1,0,2
10/11/2018,10,50,48.3,47,44,41.1,36,86,76.5,63,14,8.6,3,30.3,30.2,30.1,0.03,3
8/3/2020,8,73,60.9,47,57,51.4,44,93,72.9,49,22,13.5,0,30.2,30.2,30.1,0,0
8/1/2018,8,66,59.4,47,62,50.5,42,100,74.9,42,16,10.3,0,30,29.9,29.8,0.33,2
3/15/2018,15,74,62.9,47,62,53.1,46,100,72.9,44,18,9,0,30.1,29.9,29.8,0,3
12/1/2019,12,66,59.9,47,62,53.6,37,100,81.9,48,16,8.4,0,30.1,29.9,29.8,0.61,6
11/19/2019,19,79,61.5,47,58,52,45,96,75,35,12,3.6,0,29.9,29.9,29.8,0,1
1/29/2020,29,55,50.1,47,43,40.8,38,77,70.4,64,16,12,6,30,29.9,29.8,0.51,2
10/2/2017,10,76,64.3,47,67,57,40,89,77.5,65,18,9.7,3,30.2,30.1,29.9,0,0
11/19/2017,19,66,55.3,47,40,35.5,30,77,50.3,27,20,9.3,0,30.2,30.1,30.1,0,6
2/25/2019,25,60,53.7,47,53,43.9,33,97,71.7,46,15,9.8,0,30.2,30.1,30.1,0,0
3/19/2019,19,72,58.7,47,46,43.3,41,86,60.2,34,16,6.2,0,30.2,30.1,30.1,0,1
3/20/2019,20,75,61.3,47,50,45.7,39,97,62.5,29,9,2.8,0,30.2,30.1,30,0,2
1/28/2019,28,72,58.1,47,54,48.9,44,100,74.1,41,23,9.1,0,30,29.8,29.7,0,0
10/30/2019,30,70,59.9,47,68,56.7,42,96,89.1,80,23,11.3,0,30.1,29.8,29.8,2.11,2
1/23/2020,23,61,57.5,47,58,52.2,43,93,83,67,17,7.1,0,30,29.8,29.8,1.4,3
7/12/2016,7,57,52.6,48,54,49.7,45,96,89.8,83,10,6.1,0,30.1,30,29.9,0,1
2/15/2017,15,63,53.6,48,40,37.2,33,71,55.4,34,18,11.6,3,30,30,29.9,0.78,2
12/3/2017,12,64,55.8,48,62,49.5,44,93,80,62,23,12.6,0,30.1,30,30,1.37,6
2/12/2017,2,78,60,48,62,54.5,48,100,85.1,43,9,2.4,0,30.1,30,30,0,6
12/17/2017,17,62,52.7,48,54,50.6,47,100,93,75,9,3.2,0,30,30,29.9,0.82,6
3/12/2018,3,67,56.5,48,46,40.9,38,77,57.8,37,16,10.1,6,30.1,30,29.8,0,0
12/2/2019,12,67,60,48,67,45.2,34,100,60.9,30,20,11,6,30.2,30,29.8,0.24,0
2/2/2020,2,76,61.4,48,48,38.8,34,74,47.8,22,14,7.2,0,30.1,30,29.9,0,6
4/14/2020,14,70,57.9,48,46,44.1,42,83,62.6,41,17,12,8,30.1,30,29.9,0,1
4/16/2020,16,75,62,48,56,48.3,41,83,62.5,43,17,10,3,30.1,30,30,0,3
2/2/2018,2,61,54.3,48,51,33.6,26,75,47,31,25,14.3,6,30.3,30.2,30.1,0,4
2/11/2019,2,67,55.7,48,47,41.2,35,89,62.6,31,15,5.5,0,30.3,30.2,30.2,0,0
7/4/2018,7,74,61.2,48,71,58.9,44,100,91.7,83,20,10.5,0,29.9,29.7,29.6,0.29,2
11/24/2018,24,76,60,48,64,54.4,48,100,85.6,38,10,2.9,0,29.8,29.7,29.6,0.01,5
11/25/2017,25,79,63.7,48,61,55.8,46,100,78.3,45,10,3.9,0,30,29.9,29.8,0,5
2/11/2018,2,72,59.5,48,50,47.7,44,100,68.6,37,9,4.5,0,30,29.9,29.9,0,6
11/23/2019,23,66,54.2,48,45,43.1,42,80,67.7,45,17,8.1,0,30,29.9,29.9,0.01,5
4/12/2019,4,75,58.5,48,47,42.3,35,90,60.6,23,8,2.9,0,30,29.9,29.9,0,4
8/12/2019,8,74,60.9,48,62,54,45,93,79.5,55,14,6.2,0,30,29.9,29.8,0,0
4/2/2017,4,62,54.4,48,60,43.8,33,93,68.1,54,15,9.9,6,30.2,30.1,30,0,6
10/11/2017,10,69,59.6,48,52,48.4,45,97,69.3,42,12,6.8,0,30.2,30.1,30.1,0,2
12/26/2017,26,50,48.9,48,48,42.9,37,97,81,61,13,10.6,7,30.2,30.1,30.1,0,1
8/3/2018,8,66,56,48,43,35.5,31,71,48.2,28,14,7.4,3,30.2,30.1,30,0,4
12/3/2018,12,66,56.9,48,41,38.1,35,66,50.4,36,20,9.5,0,30.2,30.1,30,0.01,0
11/4/2018,11,80,65,48,57,50,46,96,62.5,32,14,6,0,30.1,30.1,29.9,0,6
12/17/2018,17,70,57,48,54,50.1,43,100,81.2,38,7,2.7,0,30.2,30.1,30.1,0,0
11/25/2019,25,79,68.1,48,68,60.1,46,93,76.6,56,14,7.8,0,29.8,29.6,29.6,0,0
6/12/2016,6,69,55.7,48,53,50.1,46,100,83.1,51,14,5.3,0,29.9,29.8,29.7,0.44,6
1/23/2017,23,72,58.8,48,42,37.3,31,68,47.6,25,12,7,0,29.9,29.8,29.8,0,0
2/17/2017,17,66,58.3,48,60,54.4,42,93,87.2,70,21,8.7,0,29.9,29.8,29.7,0,4
10/2/2018,10,71,64.2,48,68,63.2,48,100,96.7,84,12,4.9,0,29.9,29.8,29.7,0.98,1
4/14/2019,14,72,58,48,47,42.4,39,80,58.6,32,22,11.4,0,29.9,29.8,29.7,0.19,6
11/18/2019,18,73,58.3,48,51,47,42,96,70.6,33,8,2.3,0,29.9,29.8,29.8,0,0
1/1/2020,1,60,55,48,58,46.3,35,93,73.8,47,18,7.3,0,30,29.8,29.7,0,2
2/25/2020,25,72,60,48,50,46,39,96,62.7,40,17,7.8,0,30,29.8,29.7,0.35,1
1/12/2019,1,67,59.1,49,43,31.2,27,54,35.8,23,20,10.1,6,30.1,30,29.8,0.07,5
1/30/2020,30,55,51.6,49,47,45.4,43,83,79.3,72,9,7.6,5,30,30,29.9,0,3
12/30/2016,30,55,51.5,49,40,28.3,22,66,41.9,29,9,6.8,0,30.4,30.2,30,0,4
2/3/2017,2,68,57.6,49,33,26.2,22,50,31.5,17,22,9.8,0,30.3,30.2,30.1,0,4
3/1/2017,3,75,61.9,49,52,46.3,40,93,61.1,30,20,8.6,0,30,29.9,29.8,1.22,2
4/15/2019,15,79,64.8,49,58,52.5,46,90,67.4,40,17,7.8,0,30,29.9,29.9,0,0
4/20/2019,20,79,64.7,49,53,47,41,93,57.8,31,9,2.8,0,30,29.9,29.9,0,5
5/12/2019,5,74,62.4,49,59,53.4,44,90,73.5,53,13,5.4,0,30,29.9,29.9,0,6
2/23/2020,23,68,61,49,60,53.8,43,90,77.6,63,16,9.8,0,30.1,29.9,29.8,0,6
10/22/2016,22,77,61.8,49,51,46.3,41,90,61.7,29,9,4.6,0,30.1,30.1,30,0,5
7/3/2018,7,66,56.6,49,35,28.3,23,53,34.7,25,16,8.9,3,30.2,30.1,30.1,0,1
9/11/2018,9,64,55.6,49,64,53.1,44,100,91.5,77,21,13.8,6,30.2,30.1,29.9,0.13,1
11/22/2018,22,66,55,49,51,48.3,44,100,80.8,47,10,4.3,0,30.2,30.1,30,0.18,3
12/23/2018,23,69,60.3,49,62,50.9,41,100,75.3,36,15,7.7,3,30.2,30.1,29.9,0,6
1/16/2019,16,61,55.8,49,60,53.3,46,100,91.8,78,13,8.3,3,30.2,30.1,30.1,0,2
2/24/2019,24,68,58,49,36,34.1,31,61,42.1,26,14,9.3,5,30.2,30.1,30,0,6
12/13/2018,13,73,65.5,49,67,58.7,39,100,80.1,52,16,10,3,29.7,29.6,29.6,0.68,3
12/21/2017,21,79,67.3,49,71,62.3,49,100,84.8,68,14,6.8,0,29.9,29.8,29.8,0,3
1/31/2017,31,75,63.4,50,55,48.5,41,93,62.5,34,10,6.2,0,30,30,29.9,0,1
5/2/2018,5,60,56.2,50,57,51.9,47,100,85.7,70,12,8.1,3,30.1,30,29.9,0,2
11/18/2018,18,67,57.1,50,60,55.8,50,100,95.8,79,14,8.5,0,30.1,30,30,0,6
8/2/2020,8,71,58.8,50,56,45.4,35,96,63.4,41,17,8.2,0,30.1,30,30,0,6
3/2/2017,3,63,54.4,50,48,43.2,38,83,67,48,18,12.2,8,30.3,30.2,30.1,0,3
3/15/2019,15,64,58.1,50,39,33.8,30,52,40.6,28,21,13.6,6,30.2,30.2,30,0,4
3/17/2019,17,64,55.6,50,43,37.6,31,74,53.7,29,10,5.3,0,30.2,30.2,30.1,0,6
5/12/2016,5,54,51.7,50,53,49.9,48,100,93.7,89,16,7.7,0,29.8,29.7,29.6,1.1,3
2/12/2018,2,78,62.9,50,50,45.8,40,93,58.4,25,10,5.6,0,29.8,29.7,29.6,0,0
12/19/2018,19,58,54.8,50,56,54.2,50,100,97.7,87,9,5.3,0,29.8,29.7,29.6,0.08,2
2/17/2019,17,70,60.3,50,69,55.9,40,100,86.2,58,20,10.5,3,29.9,29.7,29.5,0.01,6
12/29/2019,29,69,60.8,50,66,51.8,36,97,75.6,33,21,9.9,3,29.9,29.7,29.6,0.12,6
11/27/2016,27,72,62.8,50,64,55.3,48,93,77.4,55,21,11.5,6,30.1,29.9,29.7,0,6
12/12/2018,12,69,62.8,50,60,56,48,93,79.2,68,16,8.6,0,30.1,29.9,29.8,0,2
2/1/2019,2,56,52.3,50,54,50.7,48,100,94.4,77,20,10.5,5,30.1,29.9,29.8,0,4
11/2/2020,11,57,53.9,50,54,51.3,47,93,90.7,86,15,10.1,6,29.9,29.9,29.8,0.03,0
11/24/2016,24,74,60.3,50,55,51.5,47,93,75.3,46,10,3.7,0,30.1,30.1,30,0.31,3
9/2/2017,9,71,58.9,50,43,37.5,36,64,46.7,28,14,8.6,6,30.2,30.1,30,0,5
11/22/2017,22,69,59.8,50,56,49,37,90,69.4,47,17,11.4,6,30.1,30.1,30,0,2
3/22/2018,22,75,63.3,50,55,50.3,46,93,65.7,38,20,9.6,0,30.2,30.1,30.1,0,3
3/21/2019,21,78,64.4,50,54,44.5,35,100,55.3,21,8,3.2,0,30.1,30.1,30,0,3
3/27/2019,27,75,62.3,50,50,47,44,89,60.3,35,15,8.9,0,30.2,30.1,30.1,0,2
3/28/2019,28,75,63.9,50,60,55.4,50,100,76.3,51,21,9,0,30.1,30.1,30,0,3
6/3/2020,6,73,60.3,50,41,30.7,23,64,36.6,15,23,7.8,0,30.4,30.3,30.2,0,2
4/12/2016,4,53,51.9,50,52,50,49,100,93.2,89,15,10.3,0,29.9,28.8,0,0,1
3/12/2016,3,55,52.6,50,52,50.2,47,96,91.6,77,20,12.3,6,29.9,29.8,29.7,0.54,5
10/26/2017,26,82,67.3,50,58,51.5,42,93,60,36,14,7,0,29.9,29.8,29.7,0,3
11/21/2017,21,76,64,50,64,58.1,47,93,82,62,15,7.3,0,29.9,29.8,29.7,0,1
2/21/2019,21,54,51.8,50,53,49.9,45,100,93.7,72,13,10,8,29.9,29.8,29.8,0,3
2/22/2019,22,71,61.2,50,71,60.9,50,100,98.9,93,10,6.5,0,29.9,29.8,29.7,0.19,4
1/28/2020,28,62,57.8,50,58,53.5,42,93,85.7,71,18,9.1,0,29.9,29.8,29.7,0,1
12/2/2020,12,57,53.9,50,55,50.6,47,97,88.8,82,17,7.7,0,29.9,29.8,29.7,0.05,2
11/14/2016,14,79,63.8,51,61,54.8,48,93,74.5,47,8,3.4,0,30,30,29.9,0,0
3/13/2017,13,68,57.3,51,51,48.8,47,92,74.3,49,17,7.1,0,30.1,30,29.9,0,0
12/30/2017,30,58,53.5,51,53,50,45,97,88.1,77,12,7.8,5,30.1,30,30,0,5
2/21/2018,21,75,62.9,51,73,61.6,50,100,95.6,87,15,9.2,0,30.1,30,29.9,0.13,2
7/3/2019,7,71,62.3,51,67,59.4,44,100,90.1,77,13,8.2,5,30.1,30,29.9,0,2
3/22/2019,22,81,66,51,58,48.7,42,100,59.4,28,15,5.1,0,30.1,30,29.9,0,4
3/16/2019,16,63,56.5,51,43,34.2,30,60,44,31,13,6.8,0,30.3,30.2,30.2,0,5
1/24/2017,24,80,67.3,51,64,57.6,43,92,72.2,48,17,11.1,3,29.7,29.7,29.6,0,1
2/22/2017,22,83,66.8,51,52,49,44,89,56,25,7,4.4,0,29.8,29.7,29.7,0,2
1/5/2017,1,87,70.7,51,53,49,45,86,50.6,27,15,7.1,0,29.9,29.9,29.8,0,3
4/23/2018,23,79,66.3,51,55,52,49,96,63.6,38,17,6.3,0,30,29.9,29.8,0,0
3/11/2018,3,77,66.7,51,64,55.9,48,96,69.4,50,18,8.9,0,29.9,29.9,29.8,0,6
10/25/2019,25,67,56.6,51,65,52,45,93,84.5,74,20,13.8,5,29.9,29.9,29.8,0.93,4
10/27/2019,27,77,64,51,60,55.3,49,93,75.4,48,14,6,0,29.9,29.9,29.8,0,6
12/26/2019,26,75,59.7,51,59,53.9,49,97,83,52,10,3.5,0,30,29.9,29.9,0,3
1/27/2020,27,61,56.2,51,54,51.5,50,97,84.9,70,13,6.9,0,30,29.9,29.9,0,0
6/4/2017,6,78,64.6,51,46,40.5,33,74,46.2,21,7,3.1,0,30.2,30.1,30,0,6
11/30/2017,30,77,62.3,51,49,45.3,40,86,57.9,26,12,5,0,30.1,30.1,30,0,3
2/22/2018,22,70,60,51,68,58.8,50,100,95.8,90,9,5.2,0,30.1,30.1,30,1.61,3
3/3/2018,3,76,64,51,61,53.5,47,93,70.8,48,18,9.8,0,30.1,30.1,30,0,5
7/12/2019,7,72,59,51,50,46.8,43,89,65.8,43,10,5.6,0,30.2,30.1,30,0,4
1/13/2020,13,64,57.4,51,62,54.5,47,97,90.1,77,12,6.8,0,30.1,30.1,30,0,0
10/27/2017,27,68,63,51,62,49.7,31,90,64.3,43,23,11.2,0,30,29.8,29.7,0,4
4/14/2018,14,79,61,51,72,50.4,35,97,71,33,28,12.5,0,29.9,29.8,29.6,0.28,5
11/23/2018,23,78,62,51,67,58.2,50,100,88,66,12,4.4,0,30,29.8,29.7,0,4
11/25/2018,25,75,66.2,51,67,55.5,34,100,72.4,36,21,11.2,0,30,29.8,29.6,0,6
10/26/2019,26,68,56.1,51,52,47,45,90,72.8,50,15,7.6,0,29.8,29.8,29.8,0.26,5
11/23/2016,23,74,66.1,52,68,56.5,47,93,73,43,17,8.3,0,30.1,30,29.9,0,2
10/18/2017,18,83,66.9,52,65,56.4,50,100,72.3,42,10,3.8,0,30.1,30,30,0,2
10/23/2017,23,80,64.4,52,54,49.3,40,97,63.8,27,7,1.9,0,30,30,29.9,0.97,0
10/22/2018,22,65,58.8,52,55,51.4,46,87,76.5,63,10,6.4,3,30.1,30,30,0,0
7/11/2019,7,71,63.6,52,66,60.3,48,93,88.8,81,17,8.5,0,30.1,30,30,0,3
12/29/2016,29,72,64.3,52,68,44.8,24,90,53.6,25,25,13.4,7,30.4,30.2,29.9,0,3
2/14/2017,14,69,61.4,52,65,56.2,41,93,83.5,66,28,14.1,7,29.9,29.7,29.6,0,1
1/20/2018,20,72,61.4,52,67,60.3,52,100,96,81,13,7.2,0,30,29.9,29.9,0.07,5
1/18/2019,18,71,62.3,52,68,61,52,100,95.6,87,15,6.6,0,30,29.9,29.7,0,4
3/30/2019,30,76,66.5,52,68,60.7,41,96,81.9,66,24,12,3,30.1,29.9,29.7,0.03,5
11/10/2019,11,79,66.4,52,75,60,42,94,80.3,60,25,12.6,0,30.1,29.9,29.7,0,6
1/4/2020,1,74,63.1,52,54,50.1,45,93,65.7,38,16,9.2,0,29.9,29.9,29.8,0,5
4/13/2020,13,70,61.1,52,52,45.8,41,69,57.8,44,20,12.9,7,30,29.9,29.7,0.01,0
10/23/2016,23,80,66.2,52,61,55.2,48,89,69.4,50,13,6,0,30.1,30.1,30.1,0,6
7/4/2017,7,80,67.4,52,52,47.5,43,86,52.9,27,15,4.5,0,30.1,30.1,30,0,1
9/11/2017,9,66,56.9,52,54,51.3,50,97,82.6,59,16,10,3,30.1,30.1,30,0.06,0
2/14/2018,14,79,67.3,52,69,63.9,52,100,89.7,66,12,6.8,0,30.2,30.1,30,0.6,2
4/20/2018,20,67,59.6,52,53,46.4,41,81,62.4,49,16,10,3,30.2,30.1,30,0,4
2/19/2020,19,60,55.7,52,55,51.5,49,93,86.2,81,15,10.3,7,30.1,30.1,30,0,2
2/23/2017,23,82,67.2,52,62,56,49,97,71,41,18,9,0,29.7,29.6,29.5,0,3
12/31/2016,31,68,62.1,52,65,59.2,42,97,90.2,69,9,2.4,0,29.9,29.8,29.7,0,5
4/24/2017,24,81,67.3,52,56,50,46,93,58,31,14,4.1,0,29.9,29.8,29.6,0,0
10/1/2018,10,63,57.4,52,59,54.7,51,100,91,78,17,8.1,0,29.9,29.8,29.7,0,0
2/14/2019,14,77,63.5,52,61,55.8,50,100,78.3,50,17,7.9,0,29.9,29.8,29.7,0,3
12/13/2019,13,74,61.5,52,57,50.6,46,90,69,44,9,4.5,0,29.9,29.8,29.7,0,4
3/1/2020,3,68,58,52,58,50.4,42,97,77.6,47,18,6.2,0,30.1,29.8,29.6,0.19,6
5/4/2018,5,73,64.8,53,67,56.1,44,93,74,61,17,11.3,0,30.1,30,29.8,0,4
2/26/2019,26,62,58.4,53,62,58.3,53,100,99.6,97,13,8.3,5,30.1,30,29.9,0.03,1
12/10/2019,12,71,60,53,49,44.6,41,80,58.3,39,16,11,3,30.1,30,29.9,0.49,1
10/23/2019,23,80,66.1,53,58,52.1,45,86,63.2,38,22,9.2,0,30,30,29.9,0,2
4/13/2019,13,85,71,53,73,65.6,42,100,84.3,57,26,12.2,6,29.7,29.5,29.4,0.15,5
2/1/2017,2,74,66.9,53,70,62.2,51,97,86.1,46,28,8.3,0,29.8,29.7,29.6,0.07,2
12/20/2018,20,64,56.8,53,55,44.4,31,100,69.1,33,26,12.4,0,29.9,29.7,29.7,0.07,3
11/16/2016,16,83,67,53,61,54.3,48,93,68.3,29,14,4.6,0,29.9,29.9,29.8,0,2
11/12/2016,11,75,67.3,53,67,61.2,43,87,80.8,69,15,8.4,3,30.1,29.9,29.8,0,5
4/23/2017,23,72,63,53,50,45.8,42,75,54.5,41,21,11.8,0,30,29.9,29.9,0,6
6/5/2017,6,85,70.8,53,56,49,45,83,50.7,25,14,3.9,0,29.9,29.9,29.8,0,0
3/20/2018,20,72,62.3,53,43,40.1,38,64,45.4,30,16,10.8,5,29.9,29.9,29.7,0,1
4/11/2019,4,75,64.4,53,66,59.1,48,93,83.3,68,16,7.5,0,30,29.9,29.9,0,3
11/13/2016,13,68,60.6,53,51,47.8,45,83,63.7,45,9,5.8,0,30.2,30.1,30,0,6
3/16/2017,16,73,65,53,63,58.3,49,93,79.1,66,17,11.7,6,30.2,30.1,30.1,0,3
10/17/2017,17,79,63.4,53,52,47.2,43,81,59,30,10,5,0,30.2,30.1,30,0,1
1/28/2018,28,68,61.8,53,63,56.3,43,100,83.8,55,13,8,0,30.2,30.1,30.1,0.49,6
10/2/2020,10,77,70.4,53,69,65.4,51,93,84.4,71,20,11.3,7,29.9,29.8,29.7,0.11,4
2/2/2017,2,71,66.3,54,66,56.9,45,97,73.2,50,15,8.1,0,30.1,30,29.9,0,3
5/12/2017,5,75,62.6,54,73,57.2,39,100,83.7,55,25,12.2,0,30.1,30,29.9,0.29,4
9/2/2018,9,71,62.4,54,66,57.3,47,100,83.6,72,15,5.8,0,30.1,30,29.9,0,6
2/26/2018,26,70,59.9,54,58,55.5,53,100,86.8,61,14,8.3,5,30.1,30,29.9,1,0
10/23/2018,23,64,59,54,58,55,52,97,86.8,75,13,8.9,6,30.1,30,30,0.02,1
7/12/2018,7,75,63.3,54,69,62.4,54,100,96.9,76,21,9.4,0,30.1,30,29.9,0.03,3
10/22/2019,22,79,65.3,54,49,44.1,37,75,50.6,23,13,5.7,0,30.1,30,29.9,0.35,1
11/26/2016,26,70,61.5,54,56,53.2,51,93,76.1,54,10,5.5,0,30.3,30.2,30.1,0.01,5
2/18/2017,18,83,68.4,54,66,61.6,54,100,81.5,41,13,7,0,29.8,29.7,29.6,0.19,5
3/31/2017,31,86,70.2,54,62,54,45,93,61,26,16,8.8,0,29.8,29.7,29.7,0,4
12/27/2018,27,73,61.4,54,70,56.3,47,100,85,47,24,8.3,0,29.8,29.7,29.6,1.3,3
10/18/2019,18,80,65.9,54,62,56.3,51,90,73.3,43,7,4.5,0,29.8,29.7,29.6,0,4
2/24/2020,24,73,64.7,54,63,57.4,43,96,79.3,39,10,5.3,0,29.8,29.7,29.6,0.34,0
8/4/2017,8,81,69.4,54,57,53.6,51,93,60.1,36,22,9.3,0,30,29.9,29.9,0,4
1/2/2018,1,79,66,54,62,56,45,100,72.5,48,12,5.9,0,30.1,29.9,29.9,0,1
9/4/2018,9,64,58.3,54,58,55.2,52,100,89.6,78,13,8.1,3,30.1,29.9,29.7,0.01,1
4/26/2018,26,77,65.2,54,54,49.3,45,83,58.9,32,14,8.4,0,29.9,29.9,29.8,0,3
10/27/2018,27,82,67.4,54,62,58.1,54,100,76,42,12,4.1,0,30,29.9,29.9,0,5
4/21/2019,21,81,68.7,54,63,57.8,52,97,71.4,41,21,11.4,0,29.9,29.9,29.9,0,6
11/20/2019,20,78,68.4,54,65,61.2,53,97,79.2,56,23,10.7,0,29.9,29.9,29.9,0,2
11/22/2019,22,79,68.2,54,72,62.6,46,97,82.6,68,17,7.4,0,29.9,29.9,29.8,0.03,4
1/26/2020,26,75,62.8,54,60,56.4,52,97,81.5,48,13,5.1,0,29.9,29.9,29.8,0.13,6
10/4/2018,10,78,65.7,54,55,49.6,46,90,59.9,34,14,8.8,0,30.2,30.1,30.1,0.02,3
3/21/2020,21,61,57.5,54,58,53.9,50,93,87.8,78,15,10.8,5,30.2,30.1,30.1,1.04,5
4/27/2017,27,80,68,54,66,52.7,47,83,60.7,36,16,9.4,3,29.7,29.6,29.6,0,3
4/3/2017,4,64,58.7,54,56,50.7,46,90,75.1,58,21,9,0,30.3,30.3,30.1,0,0
10/26/2018,26,74,63,54,59,57,54,100,82.8,59,13,5.3,0,29.9,29.8,29.8,0,4
4/4/2020,4,69,58.6,54,66,56.3,51,96,91.8,86,15,9.9,0,29.9,29.8,29.8,0.57,5
10/10/2016,10,84,69.2,55,62,52.6,48,84,58.9,31,10,3.5,0,30.1,30,30,0,0
8/11/2017,8,64,58.8,55,58,53.7,50,97,83.6,70,18,11.1,7,30.1,30,30,0,4
3/12/2017,3,69,63,55,68,62.4,55,100,97.8,87,15,6.5,0,30,30,29.9,0,6
3/23/2018,23,80,69.5,55,64,58.8,54,97,70.9,45,22,10.8,0,30.1,30,29.9,0,4
3/31/2018,31,79,67.3,55,61,57.1,52,100,72.8,47,18,7,0,30.1,30,29.9,0,5
4/4/2018,4,73,64,55,64,43.4,33,90,51.6,25,23,14.8,6,30.1,30,29.9,0.01,2
1/17/2019,17,69,61.9,55,63,59.2,55,100,91.4,68,12,5.4,0,30.1,30,30,0.07,3
1/2/2019,1,69,60.1,55,62,58.5,55,100,94.7,78,16,7,3,30.1,30,30,0.14,2
3/23/2019,23,72,65.1,55,60,58.7,55,100,81.1,64,18,9.4,0,30.1,30,29.9,0,5
1/18/2020,18,74,68.5,55,68,63.2,43,93,83.6,58,20,6,0,30.2,30,30,0.01,5
3/29/2020,29,80,68,55,54,48.7,42,93,56.2,27,14,7,0,30,30,29.9,0.04,6
4/26/2020,26,85,71.5,55,56,51.9,48,89,54.2,29,12,4.9,0,30.1,30,30,0,6
11/29/2016,29,84,70.6,55,71,64.8,53,100,82.9,58,14,4.9,0,29.6,29.5,29.5,0.01,1
1/19/2017,19,64,59.4,55,60,56.9,53,97,91.4,80,10,4.6,0,29.8,29.7,29.6,0.79,3
1/25/2017,25,75,67.3,55,67,49,32,93,58.1,21,20,10.7,0,30,29.7,29.6,0,2
11/22/2016,22,81,70.3,55,65,61.9,54,100,76.3,54,20,9.4,0,29.9,29.9,29.8,0,1
2/25/2018,25,73,60.1,55,71,58.1,51,100,93.3,84,20,8.9,0,29.9,29.9,29.8,0.17,6
6/3/2018,6,73,63.7,55,43,31.6,21,59,33.1,16,17,9.4,3,30.1,29.9,29.9,0,6
4/27/2018,27,80,67.2,55,54,51.9,48,89,61.3,35,10,5,0,30,29.9,29.9,0,4
10/15/2018,15,77,64.5,55,76,63.7,54,100,97.3,93,21,11.6,3,30,29.9,29.8,0,0
2/3/2019,2,72,62.7,55,66,60.5,55,100,92.7,75,10,7,3,30,29.9,29.8,0,6
10/17/2019,17,67,60.2,55,53,50.9,48,87,72.5,52,10,6.6,0,29.9,29.9,29.8,0,3
12/27/2019,27,69,62.4,55,62,59.4,54,97,90,78,14,5.9,0,30,29.9,29.8,0,4
10/21/2016,21,76,65.5,55,50,47.7,44,77,54.4,33,16,9.5,0,30.1,30.1,30,0,4
10/11/2016,10,72,63.8,55,57,49.7,44,90,62.6,39,10,5.9,0,30.2,30.1,30.1,0,1
11/26/2017,26,76,62.9,55,58,51,45,100,69,38,8,4.2,0,30.2,30.1,30,0,6
3/26/2019,26,77,65.9,55,52,50.8,50,84,60.8,39,12,6.7,3,30.2,30.1,30.1,0,1
1/12/2018,1,79,70.7,55,72,55.5,39,93,64.3,24,13,6.6,0,29.6,29.6,29.5,0.01,4
2/21/2017,21,75,62.4,55,58,54.2,47,100,77.8,37,16,5.9,0,29.9,29.8,29.8,1.39,1
5/4/2017,5,75,68,55,70,49.5,38,90,54.6,30,23,12.7,0,30,29.8,29.6,0,3
1/11/2018,1,68,60.9,55,64,53.5,47,100,78.6,49,17,9.7,0,29.9,29.8,29.6,2.26,3
11/18/2016,18,82,69.1,56,69,58.8,35,96,71,44,23,10.4,0,30.3,30,29.8,0,4
11/11/2017,11,75,65.1,56,60,54.9,49,84,70,57,14,8.5,5,30.1,30,30,0,5
12/18/2017,18,67,63.2,56,67,60.8,54,100,92.2,76,18,6.4,0,30.1,30,30,0,0
4/30/2018,30,80,69.8,56,66,62.8,56,100,79.8,52,21,11,0,30,30,29.9,0,0
2/2/2019,2,67,60.2,56,61,58.8,55,100,95.2,79,12,7.3,0,30.1,30,29.9,0.01,5
1/2/2017,1,81,68.8,56,64,60.2,55,97,76.1,45,14,7.9,3,29.9,29.9,29.8,0,0
12/20/2017,20,77,67.3,56,70,56.6,46,97,72.5,33,12,5.2,0,29.9,29.9,29.8,0.75,2
4/2/2018,4,66,61.2,56,63,59.4,55,100,94.1,84,17,6.7,0,30,29.9,29.8,0.04,0
4/24/2018,24,85,71.5,56,61,57.8,55,97,65.8,38,9,3,0,30,29.9,29.9,0,1
4/19/2019,19,74,64.4,56,51,45.6,39,75,53.3,28,28,13.2,5,30,29.9,29.8,0.76,4
10/13/2019,13,81,68.3,56,63,55,48,80,63.7,44,10,5.4,3,30,29.9,29.8,0,6
11/29/2017,29,73,63.6,56,63,61.2,53,100,92.7,71,8,2.5,0,30.1,30.1,30,0,2
2/3/2018,2,72,63,56,56,54.1,52,93,74,51,14,7.2,0,30.2,30.1,30.1,0.01,5
10/17/2018,17,64,59.7,56,61,58.1,55,100,94.7,86,15,10.8,7,30.1,30.1,30,0,2
10/18/2018,18,73,63.2,56,64,58.8,53,100,86,70,14,10.1,7,30.2,30.1,30.1,1.02,3
8/1/2019,8,78,66.1,56,65,61.3,56,100,85.8,56,7,3.4,0,30.2,30.1,30,0,3
5/3/2020,5,75,62,56,49,44.5,35,77,56.1,29,21,11.9,3,30.2,30.1,29.9,0.11,6
10/5/2020,10,82,68.8,56,58,52.2,49,87,58.6,34,12,6.6,0,30.1,30.1,30,0,0
12/14/2016,14,63,60.3,57,59,54.7,48,90,82,72,13,6.9,0,30.1,30,29.9,0,2
2/23/2018,23,79,68.5,57,70,64.9,57,100,89.5,64,20,8.9,0,30.1,30,29.9,0.1,4
10/16/2018,16,60,58.3,57,59,57.5,55,100,97.2,90,16,11.3,7,30,30,29.9,0.97,1
3/24/2019,24,80,69,57,67,64.3,57,100,85.9,62,13,7.3,0,30,30,29.9,0,6
11/28/2016,28,82,72.3,57,70,64.1,54,93,77.2,46,21,9,0,29.6,29.5,29.4,0.04,0
1/22/2017,22,68,61.8,57,56,42.9,34,93,51.4,36,28,14.9,5,29.8,29.5,29.4,0.05,6
11/25/2016,25,75,64.1,57,59,57,55,96,79,51,9,4.3,0,30.2,30.2,30.1,0,4
11/15/2016,15,83,68,57,62,54.8,44,93,68,25,10,4.7,0,30,29.9,29.9,0,1
1/18/2017,18,74,63.5,57,69,61.3,55,100,92.8,84,12,6.1,0,29.9,29.9,29.8,1.81,2
5/5/2017,5,81,68.6,57,49,44.4,40,72,45.3,25,17,8.2,0,29.9,29.9,29.8,0,4
11/15/2017,15,80,68.5,57,68,63.2,57,100,84.8,56,10,5.2,0,30,29.9,29.9,0,2
6/2/2018,6,75,66.7,57,70,65.1,56,100,94.7,82,16,8.6,0,30,29.9,29.9,0.02,5
4/28/2018,28,83,70.8,57,60,54.4,49,93,60.7,31,13,3.5,0,30,29.9,29.9,0,5
4/30/2020,30,83,70.7,57,55,48.6,45,75,48.3,28,9,4.5,0,30,29.9,29.9,0.05,3
10/16/2017,16,77,67.7,57,51,48.1,45,74,51,32,21,11.6,0,30.2,30.1,30.1,0,0